Ticker,Classification,Cadence,Yield,ROI,Starting_Balance,Shares_Held,Open_Price_Jan,Current_Price,Distro_Date_1,Distro_1,Open_Price_D1,Distro_Date_2,Distro_2,Open_Price_D2,Distro_Date_3,Distro_3,Open_Price_D3,Distro_Date_4,Distro_4,Open_Price_D4,Distro_Date_5,Distro_5,Open_Price_D5,Distro_Date_6,Distro_6,Open_Price_D6,Distro_Date_7,Distro_7,Open_Price_D7,Distro_Date_8,Distro_8,Open_Price_D8,Distro_Date_9,Distro_9,Open_Price_D9,Distro_Date_10,Distro_10,Open_Price_D10,Distro_Date_11,Distro_11,Open_Price_D11,Distro_Date_12,Distro_12,Open_Price_D12,Distro_Date_13,Distro_13,Open_Price_D13
CRSH,Group A ETFs,Monthly,,,1000,,,,2025-01-24,,5.78,2025-02-21,,6.12,2025-03-21,,7.67,2025-04-21,,7.21,2025-05-23,,4.88,2025-06-20,,,2025-07-11,,,2025-08-08,,,2025-09-05,,,2025-10-03,,,2025-10-31,,,2025-12-01,,,12/29/2025,,
FEAT,Group A ETFs,Monthly,,,1000,,,,2025-01-24,,47.12,2025-02-21,,44.01,2025-03-21,,34.91,2025-04-21,,33.08,2025-05-23,,35.5,2025-06-20,,,2025-07-11,,,2025-08-08,,,2025-09-05,,,2025-10-03,,,2025-10-31,,,2025-12-01,,,12/29/2025,,
FIVY,Group A ETFs,Monthly,,,1000,,,,2025-01-24,,48.08,2025-02-21,,,2025-03-21,,,2025-04-21,,,2025-05-23,,,2025-06-20,,,2025-07-11,,,2025-08-08,,,2025-09-05,,,2025-10-03,,,2025-10-31,,,2025-12-01,,,12/29/2025,,
GOOY,Group A ETFs,Monthly,,,1000,,,,2025-01-24,,,2025-02-21,,,2025-03-21,,,2025-04-21,,,2025-05-23,,,2025-06-20,,,2025-07-11,,,2025-08-08,,,2025-09-05,,,2025-10-03,,,2025-10-31,,,2025-12-01,,,12/29/2025,,
OARK,Group A ETFs,Monthly,,,1000,,,,2025-01-24,,,2025-02-21,,,2025-03-21,,,2025-04-21,,,2025-05-23,,,2025-06-20,,,2025-07-11,,,2025-08-08,,,2025-09-05,,,2025-10-03,,,2025-10-31,,,2025-12-01,,,12/29/2025,,
SNOY,Group A ETFs,Monthly,,,1000,,,,2025-01-24,,,2025-02-21,,,2025-03-21,,,2025-04-21,,,2025-05-23,,,2025-06-20,,,2025-07-11,,,2025-08-08,,,2025-09-05,,,2025-10-03,,,2025-10-31,,,2025-12-01,,,12/29/2025,,
TSLY,Group A ETFs,Monthly,,,1000,,,,2025-01-24,,,2025-02-21,,,2025-03-21,,,2025-04-21,,,2025-05-23,,,2025-06-20,,,2025-07-11,,,2025-08-08,,,2025-09-05,,,2025-10-03,,,2025-10-31,,,2025-12-01,,,12/29/2025,,
TSMY,Group A ETFs,Monthly,,,1000,,,,2025-01-24,,,2025-02-21,,,2025-03-21,,,2025-04-21,,,2025-05-23,,,2025-06-20,,,2025-07-11,,,2025-08-08,,,2025-09-05,,,2025-10-03,,,2025-10-31,,,2025-12-01,,,12/29/2025,,
XOMO,Group A ETFs,Monthly,,,1000,,,,2025-01-24,,,2025-02-21,,,2025-03-21,,,2025-04-21,,,2025-05-23,,,2025-06-20,,,2025-07-11,,,2025-08-08,,,2025-09-05,,,2025-10-03,,,2025-10-31,,,2025-12-01,,,12/29/2025,,
YBIT,Group A ETFs,Monthly,,,1000,,,,2025-01-24,,,2025-02-21,,,2025-03-21,,,2025-04-21,,,2025-05-23,,,2025-06-20,,,2025-07-11,,,2025-08-08,,,2025-09-05,,,2025-10-03,,,2025-10-31,,,2025-12-01,,,12/29/2025,,
BABO,Group B ETFs,Monthly,,,1000,,,,2025-01-06,,,2025-01-31,,,2025-02-28,,,2025-03-28,,,2025-04-25,,,2025-05-30,,,2025-06-23,,,2025-07-18,,,2025-08-15,,,2025-09-12,,,2025-10-10,,,2025-11-07,,,12/5/2025,,
DIPS,Group B ETFs,Monthly,,,1000,,,,2025-01-06,,,2025-01-31,,,2025-02-28,,,2025-03-28,,,2025-04-25,,,2025-05-30,,,2025-06-23,,,2025-07-18,,,2025-08-15,,,2025-09-12,,,2025-10-10,,,2025-11-07,,,12/5/2025,,
FBY,Group B ETFs,Monthly,,,1000,,,,2025-01-06,,,2025-01-31,,,2025-02-28,,,2025-03-28,,,2025-04-25,,,2025-05-30,,,2025-06-23,,,2025-07-18,,,2025-08-15,,,2025-09-12,,,2025-10-10,,,2025-11-07,,,12/5/2025,,
GDXY,Group B ETFs,Monthly,,,1000,,,,2025-01-06,,,2025-01-31,,,2025-02-28,,,2025-03-28,,,2025-04-25,,,2025-05-30,,,2025-06-23,,,2025-07-18,,,2025-08-15,,,2025-09-12,,,2025-10-10,,,2025-11-07,,,12/5/2025,,
JPMO,Group B ETFs,Monthly,,,1000,,,,2025-01-06,,,2025-01-31,,,2025-02-28,,,2025-03-28,,,2025-04-25,,,2025-05-30,,,2025-06-23,,,2025-07-18,,,2025-08-15,,,2025-09-12,,,2025-10-10,,,2025-11-07,,,12/5/2025,,
MARO,Group B ETFs,Monthly,,,1000,,,,2025-01-06,,,2025-01-31,,,2025-02-28,,,2025-03-28,,,2025-04-25,,,2025-05-30,,,2025-06-23,,,2025-07-18,,,2025-08-15,,,2025-09-12,,,2025-10-10,,,2025-11-07,,,12/5/2025,,
MRNY,Group B ETFs,Monthly,,,1000,,,,2025-01-06,,,2025-01-31,,,2025-02-28,,,2025-03-28,,,2025-04-25,,,2025-05-30,,,2025-06-23,,,2025-07-18,,,2025-08-15,,,2025-09-12,,,2025-10-10,,,2025-11-07,,,12/5/2025,,
NVDY,Group B ETFs,Monthly,,,1000,,,,2025-01-06,,,2025-01-31,,,2025-02-28,,,2025-03-28,,,2025-04-25,,,2025-05-30,,,2025-06-23,,,2025-07-18,,,2025-08-15,,,2025-09-12,,,2025-10-10,,,2025-11-07,,,12/5/2025,,
PLTY,Group B ETFs,Monthly,,,1000,,,,2025-01-06,,,2025-01-31,,,2025-02-28,,,2025-03-28,,,2025-04-25,,,2025-05-30,,,2025-06-23,,,2025-07-18,,,2025-08-15,,,2025-09-12,,,2025-10-10,,,2025-11-07,,,12/5/2025,,
ABNY,Group C ETFs,Monthly,,,1000,,,,2025-01-10,,,2025-02-07,,,2025-03-07,,,2025-04-04,,,2025-05-02,,,2025-06-06,,,2025-06-27,,,2025-07-25,,,2025-08-22,,,2025-09-19,,,2025-10-17,,,2025-11-14,,,12/12/2025,,
AMDY,Group C ETFs,Monthly,,,1000,,,,2025-01-10,,,2025-02-07,,,2025-03-07,,,2025-04-04,,,2025-05-02,,,2025-06-06,,,2025-06-27,,,2025-07-25,,,2025-08-22,,,2025-09-19,,,2025-10-17,,,2025-11-14,,,12/12/2025,,
CONY,Group C ETFs,Monthly,,,1000,,,,2025-01-10,,,2025-02-07,,,2025-03-07,,,2025-04-04,,,2025-05-02,,,2025-06-06,,,2025-06-27,,,2025-07-25,,,2025-08-22,,,2025-09-19,,,2025-10-17,,,2025-11-14,,,12/12/2025,,
CVNY,Group C ETFs,Monthly,,,1000,,,,2025-01-10,,,2025-02-07,,,2025-03-07,,,2025-04-04,,,2025-05-02,,,2025-06-06,,,2025-06-27,,,2025-07-25,,,2025-08-22,,,2025-09-19,,,2025-10-17,,,2025-11-14,,,12/12/2025,,
FIAT,Group C ETFs,Monthly,,,1000,,,,2025-01-10,,,2025-02-07,,,2025-03-07,,,2025-04-04,,,2025-05-02,,,2025-06-06,,,2025-06-27,,,2025-07-25,,,2025-08-22,,,2025-09-19,,,2025-10-17,,,2025-11-14,,,12/12/2025,,
MSFO,Group C ETFs,Monthly,,,1000,,,,2025-01-10,,,2025-02-07,,,2025-03-07,,,2025-04-04,,,2025-05-02,,,2025-06-06,,,2025-06-27,,,2025-07-25,,,2025-08-22,,,2025-09-19,,,2025-10-17,,,2025-11-14,,,12/12/2025,,
NFLY,Group C ETFs,Monthly,,,1000,,,,2025-01-10,,,2025-02-07,,,2025-03-07,,,2025-04-04,,,2025-05-02,,,2025-06-06,,,2025-06-27,,,2025-07-25,,,2025-08-22,,,2025-09-19,,,2025-10-17,,,2025-11-14,,,12/12/2025,,
PYPY,Group C ETFs,Monthly,,,1000,,,,2025-01-10,,,2025-02-07,,,2025-03-07,,,2025-04-04,,,2025-05-02,,,2025-06-06,,,2025-06-27,,,2025-07-25,,,2025-08-22,,,2025-09-19,,,2025-10-17,,,2025-11-14,,,12/12/2025,,
HOOY,Group C ETFs,Monthly,,,1000,,,,2025-01-10,,,2025-02-07,,,2025-03-07,,,2025-04-04,,,2025-05-02,,,2025-06-06,,,2025-06-27,,,2025-07-25,,,2025-08-22,,,2025-09-19,,,2025-10-17,,,2025-11-14,,,12/12/2025,,
AIYY,Group D ETFs,Monthly,,,1000,,,,2025-01-17,,,2025-02-14,,,2025-03-14,,,2025-04-11,,,2025-05-09,,,2025-06-13,,,2025-07-07,,,2025-08-01,,,2025-08-29,,,2025-09-26,,,2025-10-24,,,2025-11-21,,,12/19/2025,,
AMZY,Group D ETFs,Monthly,,,1000,,,,2025-01-17,,,2025-02-14,,,2025-03-14,,,2025-04-11,,,2025-05-09,,,2025-06-13,,,2025-07-07,,,2025-08-01,,,2025-08-29,,,2025-09-26,,,2025-10-24,,,2025-11-21,,,12/19/2025,,
APLY,Group D ETFs,Monthly,,,1000,,,,2025-01-17,,,2025-02-14,,,2025-03-14,,,2025-04-11,,,2025-05-09,,,2025-06-13,,,2025-07-07,,,2025-08-01,,,2025-08-29,,,2025-09-26,,,2025-10-24,,,2025-11-21,,,12/19/2025,,
DISO,Group D ETFs,Monthly,,,1000,,,,2025-01-17,,,2025-02-14,,,2025-03-14,,,2025-04-11,,,2025-05-09,,,2025-06-13,,,2025-07-07,,,2025-08-01,,,2025-08-29,,,2025-09-26,,,2025-10-24,,,2025-11-21,,,12/19/2025,,
MSTY,Group D ETFs,Monthly,,,1000,,,,2025-01-17,,,2025-02-14,,,2025-03-14,,,2025-04-11,,,2025-05-09,,,2025-06-13,,,2025-07-07,,,2025-08-01,,,2025-08-29,,,2025-09-26,,,2025-10-24,,,2025-11-21,,,12/19/2025,,
SMCY,Group D ETFs,Monthly,,,1000,,,,2025-01-17,,,2025-02-14,,,2025-03-14,,,2025-04-11,,,2025-05-09,,,2025-06-13,,,2025-07-07,,,2025-08-01,,,2025-08-29,,,2025-09-26,,,2025-10-24,,,2025-11-21,,,12/19/2025,,
WNTR,Group D ETFs,Monthly,,,1000,,,,2025-01-17,,,2025-02-14,,,2025-03-14,,,2025-04-11,,,2025-05-09,,,2025-06-13,,,2025-07-07,,,2025-08-01,,,2025-08-29,,,2025-09-26,,,2025-10-24,,,2025-11-21,,,12/19/2025,,
XYZY,Group D ETFs,Monthly,,,1000,,,,2025-01-17,,,2025-02-14,,,2025-03-14,,,2025-04-11,,,2025-05-09,,,2025-06-13,,,2025-07-07,,,2025-08-01,,,2025-08-29,,,2025-09-26,,,2025-10-24,,,2025-11-21,,,12/19/2025,,
YQQQ,Group D ETFs,Monthly,,,1000,,,,2025-01-17,,,2025-02-14,,,2025-03-14,,,2025-04-11,,,2025-05-09,,,2025-06-13,,,2025-07-07,,,2025-08-01,,,2025-08-29,,,2025-09-26,,,2025-10-24,,,2025-11-21,,,12/19/2025,,
